max_min,Nb d'instances résolues,Moyenne de Trips,Temps de résolution moyen,min.,max.,Nb. d'itérations moyen,min.,max.,Usage moyen de mémoire
Row Labels,Count of net,Average of nb_trips,Average of sol_time,Min of sol_time,Max of sol_time,Average of col_gen_iter,Min of col_gen_iter,Max of col_gen_iter,Average of tot_mem_use
4,100,528.6,91.24,37.3,275.6,147.84,104,252,32.24071
3,100,709.28,411.386,65.8,4974,183.42,103,580,42.80355
2.5,97,849.4639175,876.742268,154.8,11435.1,186.8350515,101,520,52.7951134
2,89,1050.921348,3122.301124,182.9,28850.3,204.9775281,102,543,68.79473034
Grand Total,386,776.4715026,1070.444041,37.3,28850.3,180.0310881,101,580,48.57068135